Computer Science,Physics,Mathematics,Statistics,Quantitative Biology,Quantitative Finance
0.8416643395699526,0.8692522990803678,0.7909509844993716,0.7304415182029435,0.42655935613682094,0.4756756756756757
0.8093447905477981,0.837442218798151,0.7474267616785432,0.6119402985074627,0.2789473684210526,0.32592592592592595
0.8766724840023269,0.9035743973399833,0.8398576512455516,0.9058597502401537,0.905982905982906,0.88
0.8450937155457552,0.8731825525040388,0.793597304128054,0.7693554925010134,0.445859872611465,0.5146198830409356
0.8030382399161865,0.8491751767478397,0.7536,0.6654978962131838,0.2966101694915254,0.36363636363636365
0.8917975567190227,0.8985868661679135,0.8380782918149466,0.9116234390009607,0.8974358974358975,0.88
0.8461968680089486,0.8808114961961115,0.8056288478452067,0.7786124613345117,0.5942492012779552,0.5547445255474452
0.8147549811523963,0.8959587274290628,0.7965217391304348,0.720949263502455,0.4744897959183674,0.4367816091954023
0.8801628853984875,0.8661679135494597,0.8149466192170819,0.8463016330451489,0.7948717948717948,0.76
